name_first,name_last,email,phone
Brigida,Rose,brose0@reuters.com,3849288625
Kyla,Yegorov,kyegorov1@army.mil,5053994412
Brewster,Cabena,bcabena2@psu.edu,1857845625
Olin,Fuggle,ofuggle3@mediafire.com,5610333504
Graham,Brazil,gbrazil4@naver.com,2900440203
Chadd,Early,cearly5@npr.org,6597586816
Linet,Lynskey,llynskey6@google.co.jp,8085556855
Fletch,Fincher,ffincher7@weather.com,6343146938
Morganica,Brandon,mbrandon8@wordpress.org,6953569336
Gregg,Yakunchikov,gyakunchikov9@springer.com,2972953215
Anastasie,Bessett,abessetta@google.es,5843144607
Brenden,Sclanders,bsclandersb@adobe.com,9938806260
Demetra,Rosling,droslingc@dedecms.com,9813283904
Lydon,Jon,ljond@discuz.net,8134691188
Lil,Brayne,lbraynee@networkadvertising.org,9071086216
Jania,MacGee,jmacgeef@joomla.org,9324353756
Luis,Purser,lpurserg@npr.org,7975880612
Zebadiah,Horley,zhorleyh@ovh.net,1896773028
Gui,Wank,gwanki@imageshack.us,4417919763
Cordie,Recke,creckej@ed.gov,4813840833
Laurena,Duplain,lduplaink@ucsd.edu,3419279906
Ara,Catto,acattol@pen.io,7255724140
Esteban,Christoffe,echristoffem@devhub.com,9010847675
Darlene,Southwood,dsouthwoodn@businessinsider.com,8284512580
Eulalie,Espinos,eespinoso@epa.gov,7557411552
Norbie,Teasey,nteaseyp@mediafire.com,8201005511
Dory,Hellens,dhellensq@techcrunch.com,5205412992
Hirsch,Thurlby,hthurlbyr@github.com,7146196895
Bethena,Ferneley,bferneleys@360.cn,7601048950
Amby,Labin,alabint@washingtonpost.com,9181646496
Casar,Ortner,cortneru@alibaba.com,0432014306
Valeda,Clemonts,vclemontsv@harvard.edu,6674727504
Mara,Heliet,mhelietw@webeden.co.uk,4065411564
Grethel,Woodfin,gwoodfinx@yelp.com,2584188414
Hyacinthe,Schober,hschobery@irs.gov,2852097443
Ernest,Styan,estyanz@hibu.com,9871595743
Andy,Condit,acondit10@patch.com,3686814986
Toddy,Januszkiewicz,tjanuszkiewicz11@jalbum.net,4277689981
Clerkclaude,Gores,cgores12@scribd.com,7558055628
Reider,Joselevitz,rjoselevitz13@wiley.com,4031383185
Dulciana,Stenner,dstenner14@dedecms.com,5978605475
Nicolas,Vahl,nvahl15@tripadvisor.com,0615809251
Rebeca,Cota,rcota16@umich.edu,3631080921
Clementius,Bowcher,cbowcher17@friendfeed.com,4705300602
Libbey,Barff,lbarff18@rakuten.co.jp,5764035597
Sioux,Blacker,sblacker19@list-manage.com,4927939006
Analise,Tortoise,atortoise1a@ed.gov,6922968972
Edithe,Robertsson,erobertsson1b@spotify.com,2464743372
Bartholomew,Hackelton,bhackelton1c@chron.com,2596434377
Gwenneth,McGrail,gmcgrail1d@seattletimes.com,2980948217
Jere,Pietrzak,jpietrzak1e@mail.ru,0614367042
Tuckie,Hambelton,thambelton1f@go.com,7648303817
Sharron,Oxx,soxx1g@apple.com,6927391126
Arlee,Condliffe,acondliffe1h@state.tx.us,6035273777
Roosevelt,Cleghorn,rcleghorn1i@qq.com,9243738178
Jaimie,Pickrill,jpickrill1j@umn.edu,8629702176
Annaliese,Soppit,asoppit1k@cisco.com,5113046728
Steffie,Woolerton,swoolerton1l@live.com,2126839303
Cristie,Pickerin,cpickerin1m@gravatar.com,4244867651
Allina,Kingaby,akingaby1n@illinois.edu,3983328857
Agnola,Mathew,amathew1o@usa.gov,6989998601
Izaak,Tinan,itinan1p@oakley.com,5309858512
Harvey,Cicco,hcicco1q@miibeian.gov.cn,0551134380
Alphonso,Duiged,aduiged1r@sfgate.com,4364232327
Kendra,Gamble,kgamble1s@harvard.edu,3316504079
Amby,Taile,ataile1t@godaddy.com,4538350737
Othello,Harfleet,oharfleet1u@google.de,5778185650
Evvy,Abrahami,eabrahami1v@storify.com,5684140645
Tanya,Kernell,tkernell1w@vk.com,0320698963
Halie,Fakes,hfakes1x@tiny.cc,0578845261
Dorri,Munslow,dmunslow1y@mozilla.org,3161240286
Marleah,Bellie,mbellie1z@google.co.jp,8911210064
Lori,Hemphrey,lhemphrey20@techcrunch.com,9787948398
Essa,Hanson,ehanson21@java.com,9638384913
Ulick,Dennitts,udennitts22@wisc.edu,3370324938
Kippy,Prew,kprew23@studiopress.com,7029814495
Marj,Melmar,mmelmar24@desdev.cn,5155153956
Ajay,Dossetter,adossetter25@issuu.com,6965456736
Corbin,Escofier,cescofier26@howstuffworks.com,0813219272
Nona,Brabyn,nbrabyn27@hugedomains.com,0398478295
Currey,William,cwilliam28@clickbank.net,4561351248
Gaven,Landsberg,glandsberg29@123-reg.co.uk,1490573291
Arlyn,Musslewhite,amusslewhite2a@w3.org,0959274529
Candra,Guilayn,cguilayn2b@altervista.org,9872538913
Angelina,Cossington,acossington2c@hc360.com,5766025645
Bunnie,Grafom,bgrafom2d@delicious.com,8223051044
Irvine,Grimbaldeston,igrimbaldeston2e@fastcompany.com,6213851631
Yalonda,Gerriessen,ygerriessen2f@ask.com,8709015299
Barth,Phython,bphython2g@mapy.cz,7860310899
Webb,Rosenkrantz,wrosenkrantz2h@walmart.com,9100670375
Belva,Fearey,bfearey2i@vimeo.com,6497514236
Millicent,Janic,mjanic2j@ning.com,9820601959
Pierson,Gleaves,pgleaves2k@wsj.com,8542374916
Maggy,Oehme,moehme2l@privacy.gov.au,3038606421
Renaud,Skeemer,rskeemer2m@paypal.com,6260138121
Cassie,Brideoke,cbrideoke2n@geocities.com,0086141554
Cristen,Legendre,clegendre2o@wp.com,5766514816
Ingeberg,Sherebrook,isherebrook2p@google.it,1512435732
Orin,Dobney,odobney2q@symantec.com,7923226393
Brenna,Bickardike,bbickardike2r@mapy.cz,1551380994
